DNI,NyA,res_biografia,contacto,URL_foto
30349884,Edwin Estrada,Attorney bad issue arm resource seem medical. Artist pressure both bed nor major. Area nature modern,michelle24@example.org,https://i.imgur.com/ixhb1FX.jpeg
25435345,Susan Blair,Team very middle. Area argue talk over.,annaparker@example.net,https://i.imgur.com/vzVJ3P0.jpeg
32332970,Jesse Garrett,Card difference safe. Weight image population rate rule prove statement. Offer try owner season. Fir,robinsonann@example.com,https://i.imgur.com/2etpmap.jpeg
38223906,Alan Beltran,Stand his worker mission. Stand still deep doctor address simple. First stay wear.,javierpacheco@example.com,https://i.imgur.com/YVpLyeT.jpeg
25406176,Jennifer Salinas,Public mission sure structure same provide style likely. Take man face. Listen who they push senior ,gbutler@example.org,https://i.imgur.com/5asZutc.jpeg
46824527,Stephanie Watson,Happen station star foot environment. On like receive relationship few occur low. Try follow act inc,rachel85@example.org,https://i.imgur.com/MZFIpU4.jpeg
18755497,Patrick Long,"Show total today play. Late name prepare two money.
Role land social cold from raise. Would effort s",ihess@example.com,https://i.imgur.com/f3iUsyh.jpeg
47810034,Glenn Grant,Power expert international hard law process itself. Sometimes guess difference. Dark state property ,rodriguezanthony@example.org,https://i.imgur.com/4yRgWX7.jpeg
41631337,Mark Levy,"Production material cost yes. Another run because.
State of study. Even ago low. Us win difficult fo",privera@example.net,https://i.imgur.com/SqReNS3.jpeg
23333422,Stephanie Dixon,Yourself its decision cut. Guy machine night bad model. Improve treat system series trouble. I girl ,joannajones@example.org,https://i.imgur.com/aJqWMNO.jpeg
16749355,Mrs. Emma Holmes,New whole father business realize society. Fall by participant condition himself large name down.,curryjulian@example.net,https://i.imgur.com/fwPK0mo.jpeg
49633840,Lauren Allen,Month popular people. Cost save town contain someone. Can age play up clearly good.,sandracampbell@example.com,https://i.imgur.com/U5YLKP6.jpeg
31745837,Holly Smith,Officer business cell record radio. Cold test into need us produce option. Already participant to ma,mpena@example.com,https://i.imgur.com/NnHFxYX.jpeg
37522295,Lisa Brown,Identify outside capital then glass floor you. Join nearly feeling test that bank yeah. Recognize di,choijasmine@example.com,https://i.imgur.com/ydZZut5.jpeg
34831765,Holly Roberson,Culture cause happen. Care set read tell same trip democratic. Hard what crime learn cold later.,smithbrooke@example.com,https://i.imgur.com/deUrQFT.jpeg
35641663,William King,Health director people ready cut. Send civil by develop because agreement argue. Game practice draw ,patrick20@example.org,https://i.imgur.com/qlPPHJO.jpeg
29618505,Anthony Brady,Drive human my write. Challenge work finally option wind.,bettypadilla@example.org,https://i.imgur.com/SYqxsif.jpeg
45713692,Jonathan Wolfe,Perform hear worker finally. Grow have possible include.,stevenhoward@example.com,https://i.imgur.com/gLlp8Rn.jpeg
13385922,Sara Hall,Spring maintain financial wish people let hand. Two black enjoy new threat none send.,michael58@example.com,https://i.imgur.com/GJnBWI7.jpeg
49841345,Anita Williams,None bad shoulder interesting like. Baby huge college nor able begin.,robert96@example.org,https://i.imgur.com/iIuxqZC.jpeg
24668524,Sabrina Patterson DDS,Still last keep media upon order anything. Claim beat society today Congress unit listen include.,framirez@example.com,https://i.imgur.com/rtx3EUj.jpeg
29638020,Travis Young,"Land nothing hour road year cold student against.
Response increase later sound response. Late leade",nmoreno@example.net,https://i.imgur.com/sDNZF4J.jpeg
47818122,Anthony Bray,Decade charge maintain degree. Girl order technology customer majority campaign natural. May there i,dariusmiller@example.org,https://i.imgur.com/so7PSbS.jpeg
14966209,Marcus Kim,Author possible forward herself food east street. Too future us occur.,alijeffrey@example.org,https://i.imgur.com/TrPMUcL.jpeg
27397369,Michael Campbell,Might threat card easy fire company technology. For despite subject bar boy. One popular professiona,durhammichael@example.org,https://i.imgur.com/De429IT.jpeg
45120978,James Smith,"Law allow politics no. Region until opportunity oil.
Provide she leave feel phone worry ready.",yangheather@example.com,https://i.imgur.com/u1kseAI.jpeg
26609302,Renee Campbell,Common of nearly culture. Than best simply seven civil free break.,gregoryrobles@example.net,https://i.imgur.com/P7Xxb9z.jpeg
27527456,Mrs. Lisa Diaz,Win small common do change dinner itself. Color address less reason improve action realize born. Sou,melissagonzalez@example.com,https://i.imgur.com/Co4AIXk.jpeg
38567179,Jeffery Gibson,Condition decision different safe eat three focus future. Coach traditional wish sure. Add school ab,hgriffin@example.net,https://i.imgur.com/GfVXxZ5.jpeg
35797777,Steven Vega,"Authority kid field fight stop. Reduce serve service.
Argue early forward seat agreement. In keep re",walter92@example.com,https://i.imgur.com/a9iT4qE.jpeg
32359211,Antonio Griffin,"Other economic season including miss. Leg find college southern.
Soldier expert student. As forget p",pfernandez@example.net,https://i.imgur.com/4VsFxwf.jpeg
27357325,Allison Smith,Room newspaper west unit our sea person. Current need detail model allow.,cindy04@example.org,https://i.imgur.com/KgHuslY.jpeg
20909691,Jamie Wilson,"Market decision note member. Tend two indeed edge wall.
Style course feeling car live. Catch gas ene",paulmurray@example.com,https://i.imgur.com/PApLUfV.jpeg
17413428,Anthony Smith,Front defense field start consumer whole and. Suddenly woman find smile home. Carry rest believe sta,yhenry@example.org,https://i.imgur.com/i8mu2a6.jpeg
24094110,Antonio Price,Throughout into drive share.,emilymueller@example.org,https://i.imgur.com/vrO4wuJ.jpeg
19363101,Jason Alvarez,Heavy service beautiful have seven agent story state. Range style vote social plan development manag,baldwinbecky@example.org,https://i.imgur.com/DJjqtWC.jpeg
27390643,Bethany Lane,"Nice hour her the. Agent image commercial five kitchen focus true.
Store entire off security build t",brownbrian@example.net,https://i.imgur.com/RF1gywO.jpeg
47576534,Terri Smith,Want everyone physical others few understand. Nature surface worker type economic different and. Hea,morganlauren@example.net,https://i.imgur.com/BtJTpkw.jpeg
39797958,Mathew Rhodes,Discover onto should. Later sell truth for. Bring husband action strong school house.,navarrovanessa@example.net,https://i.imgur.com/d8jl3BO.jpeg
21741373,Susan Taylor,Send form mother. Effect ball other fine suddenly talk.,hmalone@example.com,https://i.imgur.com/QaqBtEU.jpeg
14443212,Juan Coleman,Develop sister describe. Listen part key itself cause institution.,brooke40@example.com,https://i.imgur.com/jPyvAWi.jpeg
39427961,Rachel Freeman,"Rise personal point expert. Hit hear sea by. Admit product owner common pick.
Sometimes during thous",joshuaclark@example.com,https://i.imgur.com/WWgEqEZ.jpeg
17673824,Alexandra Goodman,Often significant ok recent coach business. Bit offer by executive mention.,clarkbrian@example.com,https://i.imgur.com/HeBBab6.jpeg
41334070,Joshua Curtis,Nearly memory analysis any. Exactly people none media point set. Herself hot for provide.,rschwartz@example.org,https://i.imgur.com/tQU6jk5.jpeg
17003775,Elizabeth Smith,"Human degree interview six teacher pick pull. Example pass pass care. Common south choose type.
Beat",blackwellmonica@example.com,https://i.imgur.com/19JKkXA.jpeg
46165338,Caitlin Bennett,Item total low attention score pattern. Unit return not term market perhaps. Himself than world.,bennettrebecca@example.net,https://i.imgur.com/Z6mIZeC.jpeg
17443120,Stuart Wheeler,Else treatment young when finish wish. Simple how key bad different action.,jared00@example.com,https://i.imgur.com/IVDWlVy.jpeg
26914282,Lisa Hughes,"Position threat compare seem interesting PM place suddenly.
Right remember air.
Pull her treatment m",rschmitt@example.net,https://i.imgur.com/hJ1lISi.jpeg
19043163,Rachel Woods,Growth realize pretty choice agency. Develop member as building.,mhunter@example.net,https://i.imgur.com/FFY2Mju.jpeg
48051384,Debra Morales,Trade figure herself energy. Wait each could law mention. Its second spring tonight detail.,david88@example.org,https://i.imgur.com/5xsHPYO.jpeg
49281393,Thomas Ali,Dream many open local same. Develop project Congress. Fine thank south mind director house degree. T,mahoneydavid@example.net,https://i.imgur.com/HiiTWlx.jpeg
21639650,Jessica Henderson,To poor drop hundred simple sit many. Kind point end science. Sense at painting memory.,bianca86@example.net,https://i.imgur.com/KRBaBUI.jpeg
45311481,Veronica Myers,Officer kid first he drop. Three great remember doctor property moment carry computer.,martinariel@example.net,https://i.imgur.com/CNtXob2.jpeg
43432278,Mandy Thomas,Investment finally north administration challenge once since. Moment reveal seem because nothing arm,eallen@example.com,https://i.imgur.com/Pc5WxBK.jpeg
15468991,Steven Harris,"Plan including final reduce body. Among cold especially recently.
Its pressure world direction until",iclayton@example.net,https://i.imgur.com/lZp418l.jpeg
39859670,Michael Webb,From condition sound center area. Against listen wrong all set. Another citizen strategy paper certa,anthonyparker@example.com,https://i.imgur.com/MHwhKFm.jpeg
30749473,Megan Hoffman,Music people this population suffer choice. Media run operation make.,joshuaday@example.net,https://i.imgur.com/VC2XmiO.jpeg
32822810,Anthony Adams,Skin media growth draw another brother. Music paper education prepare by would personal. Generation ,kimberly25@example.com,https://i.imgur.com/ulQCcYj.jpeg
18416713,John Montgomery,Town central long maintain fall. Process ago street economy response. Describe hit likely yard a car,shawn22@example.net,https://i.imgur.com/i4HE7Po.jpeg
36914140,Laura Roth,Low yet hear push unit piece social. Star middle war town attorney many. Floor model begin college p,smithmatthew@example.com,https://i.imgur.com/tPWOfZR.jpeg
29329445,Victor Bush,Nation rock international face our partner others everybody. Then project particularly set.,jennifer97@example.org,https://i.imgur.com/q8gDS6p.jpeg
15746423,Joanna Brown,Yet politics time improve yourself. Rich Mr look happen effort officer win. Fire tough father throw ,amberalexander@example.net,https://i.imgur.com/H2JIHNQ.jpeg
23573656,Lori Schultz,Play hospital garden him step baby instead. Notice than though enough company act technology. Attorn,vincentbrandon@example.org,https://i.imgur.com/cmR9Jap.jpeg
44481728,Linda Dunn,"Interesting expect husband notice part save speak. Forget gas reason Democrat hot high some.
Affect ",jenniferthomas@example.com,https://i.imgur.com/CqgINDd.jpeg
29198086,Mary Simmons,"Practice collection course threat across. Whatever around rise miss cell firm.
Among believe budget ",robertcruz@example.net,https://i.imgur.com/Smhfgof.jpeg
49549732,James Hernandez,Language plant Republican beyond church. Cut name financial low. Protect its small clear once fill h,cheryl45@example.net,https://i.imgur.com/T0yyo2s.jpeg
45865676,Justin Thomas MD,Couple action keep. Box me part explain. Staff important life determine wait spend.,deleonpamela@example.com,https://i.imgur.com/O2PXNlY.jpeg
13564262,April Hill,"Community give create executive effort conference together.
Almost fear social role new player theor",qreed@example.org,https://i.imgur.com/2Ae5hNF.jpeg
34834124,Kaitlin Morse,Tv enjoy within type arrive. Worry senior ahead probably.,jessica98@example.com,https://i.imgur.com/cgx4RLh.jpeg
17835920,Thomas Faulkner,"Oil individual focus. Little learn billion.
Bag media peace cause. Record subject election song.",ddominguez@example.net,https://i.imgur.com/lCQZ8IB.jpeg
14360618,Laura David,Affect professional yard maybe Democrat fish. Third former everyone present between effort animal. B,dennisadams@example.net,https://i.imgur.com/byM1dXf.jpeg
24336555,Katie Rowland,Reason build act piece wish behind since. Hot huge represent pay task eat.,steven33@example.org,https://i.imgur.com/rHrapQ1.jpeg
36126557,Meredith Mcbride,Type road live first push. Vote stand easy office century note financial. Car institution win course,farleyangel@example.org,https://i.imgur.com/WLKXtKh.jpeg
49787139,Jonathan Perez,"My something well lose. Goal expect campaign happen drop ground.
Food ready goal friend class. Lot r",jeffrey63@example.com,https://i.imgur.com/kSpUCVZ.jpeg
16349562,Deborah Roth,Drive sing speak leg central. White much much cold American blood difference.,michelleanderson@example.org,https://i.imgur.com/EQkWgxQ.jpeg
48131555,Joyce Silva,He lay thank support southern old grow others. Poor picture although when.,brookeperez@example.org,https://i.imgur.com/d9bHS9y.jpeg
26318193,Breanna Whitaker,Ahead service share general where leader someone. Keep happy audience court college down.,gerald94@example.com,https://i.imgur.com/3z6pcUw.jpeg
33538893,Rachel Owens,Son doctor wind personal effort. Light think forget go peace become. Identify set camera live.,michael40@example.net,https://i.imgur.com/N3RUWYW.jpeg
37178428,Ryan Gray,"Become picture capital you. Better or summer point just.
Job western day not tough lose night. Organ",afitzpatrick@example.net,https://i.imgur.com/ePts8LF.jpeg
30992486,Andrew Brown II,Region can view commercial off. Live try weight paper suffer billion detail suffer. Institution offe,traceypatrick@example.org,https://i.imgur.com/a0grkYn.jpeg
40784458,George Vargas,Employee from understand card truth. Television mean despite word product agree. Improve summer save,smithkelsey@example.org,https://i.imgur.com/S5ykmA3.jpeg
43544296,Daisy Salazar,"Training than bad stock mean. Build best leg church. Probably simply artist drop in order.
Provide s",angela20@example.org,https://i.imgur.com/13f97Lx.jpeg
16351411,Zachary Grant,"Take red mean season perform.
Us as study see former. Try adult think must.
Degree sign artist music",sharon15@example.org,https://i.imgur.com/K2p6BMH.jpeg
38988979,Jeffrey Ramsey,Loss baby walk health us chance threat as. Stock international main turn. Up message ability teacher,brianmurillo@example.net,https://i.imgur.com/bCagdNm.jpeg
16576340,Stephanie Hall,Place maybe letter yeah guy. Wait let activity require conference month head. Budget structure near ,daniel56@example.org,https://i.imgur.com/A3etRNY.jpeg
10884210,Brenda Bishop,Dog else strong. Decade car alone into western argue meeting. Method heavy pattern child begin yes.,fschaefer@example.org,https://i.imgur.com/heYmWae.jpeg
26698655,David Williams,Chance decide especially start write. Attorney probably recent side voice.,andersonian@example.net,https://i.imgur.com/rElt3L3.jpeg
37706551,Joseph Espinoza,"Later senior every. Treatment watch human rich rest.
Whom beautiful page cold use industry build. Ex",markherman@example.com,https://i.imgur.com/KQpIccH.jpeg
44191238,Amanda Potts,Style him be street value watch down. Half performance owner despite protect including. Teach human ,perezdaniel@example.com,https://i.imgur.com/Rtnkg2S.jpeg
46731834,Lisa Morgan,"All recently indeed also. Approach personal together age week yard.
Low year keep education wide. Su",adamhernandez@example.net,https://i.imgur.com/RvUZ0MV.jpeg
48679205,Jennifer Lewis,Shoulder purpose clear wear. Yes be happen commercial.,alexisjones@example.org,https://i.imgur.com/eDQKVEr.jpeg
45331799,Jonathan Wheeler,Detail meeting enter loss. Car business better value modern in bar. Too rich professor this.,moorebrittany@example.net,https://i.imgur.com/wTRR2U9.jpeg
27600530,Denise Morrison,Unit soon majority doctor man. Throughout society role ability or shoulder. Cultural property trade ,patriciaturner@example.org,https://i.imgur.com/v4RnIkX.jpeg
26567137,Katherine Krueger,Including list minute word deep anything. Issue treat ability enjoy heart. Past attention should yar,jennifer89@example.org,https://i.imgur.com/nXiagw4.jpeg
42372807,David Skinner,Page necessary green among executive. Range hotel protect go. Reason cut himself interview Congress ,mlewis@example.org,https://i.imgur.com/H55gyJq.jpeg
34603789,James Ayala,Example mention plant still series game report. Seven character high western whose employee.,madison44@example.org,https://i.imgur.com/pV5Icrc.jpeg
16787640,Tim Atkinson,"Possible city wide determine choice college example. Moment write meet trial.
Raise leg discover sou",nicholsjulie@example.com,https://i.imgur.com/bizpnjr.jpeg
40435759,Frederick Ellison,"Treatment establish pull staff discussion.
Whatever strong authority. Far believe personal let detai",djohnson@example.net,https://i.imgur.com/dtbmm26.jpeg
39932356,Mrs. Lisa Smith DDS,"Course build fund prevent occur focus. Occur car politics. Pull fight main apply.
Other difference m",nmcdonald@example.org,https://i.imgur.com/B17HucG.jpeg
13128646,Danielle Rodriguez,Anything soon information live movie lot mouth throw. Skin hour conference break rate PM. Understand,rojasjesse@example.org,https://i.imgur.com/lG5sNej.jpeg
40698212,Christopher Padilla,Unit world drive prepare common against democratic travel.,sarah14@example.org,https://i.imgur.com/eGCRMIl.jpeg
47960612,Roy Morris,"Catch culture choice look machine direction. Writer produce environment minute environment often.
Re",kara92@example.net,https://i.imgur.com/vd0PrSY.jpeg
12219725,Rachel Rogers,Recently standard analysis out material after TV no. Voice today require husband. Student informatio,john02@example.com,https://i.imgur.com/QFyWX5J.jpeg
46706795,Jesus Walker,Stock reflect system magazine.,stephen92@example.com,https://i.imgur.com/RcPxyqt.jpeg
18263633,Jeffrey Taylor,Realize hotel word wrong war point government. Act tree until take strong hope black. House recent s,adamjenkins@example.net,https://i.imgur.com/8nJuUaJ.jpeg
33498193,Ruben Alexander,Team probably gas ability wind affect statement indeed. Visit point describe option.,pdonaldson@example.net,https://i.imgur.com/7DJUQic.jpeg
32951853,John Anderson,Could half certainly seat move indeed note. Few big do style investment. Task middle choice society.,tiffany44@example.net,https://i.imgur.com/Hrgn1zB.jpeg
39886196,Alan Clark,"Treat series message eight boy. Movement those how.
Positive agree community. Section their worker b",patriciaellis@example.net,https://i.imgur.com/0MAtxpV.jpeg
35180161,Jason Rice,Contain lead it. Sure expert town sing decision brother.,tiffanyturner@example.org,https://i.imgur.com/92Blv4S.jpeg
17111848,Stephanie Kemp,"Growth fine sister hear deal. Full firm another stock goal data become.
Watch goal paper likely litt",brandonmatthews@example.com,https://i.imgur.com/eIWTHIY.jpeg
45680515,Patricia Mclean,"Agreement fight test big medical. Computer star exist fear.
Sport world everybody nation. He maintai",jessica71@example.net,https://i.imgur.com/gXH5zeU.jpeg
16060002,James Pace,Economy cost finish eight sister guy base. Top enter expert admit against yard. Culture military gla,williamslisa@example.org,https://i.imgur.com/xMYCdGj.jpeg
34034935,Christopher Benjamin,Front however spend say value conference. Magazine ten maintain sure from offer major.,kross@example.org,https://i.imgur.com/UdT8SkA.jpeg
17207142,Erik Davis,"Ago my company meet hear. Bit hot blue free control.
Better opportunity visit her.",mayerbrenda@example.com,https://i.imgur.com/tdPPOwp.jpeg
36586379,Erin Marshall,Without stuff study attack attorney when kid. Simply market too assume seem. Opportunity agree diffe,emily08@example.com,https://i.imgur.com/YmRKMC4.jpeg
13587325,Allen Perez,Beyond walk herself. Meeting help eight understand management painting who. Friend know standard the,michael51@example.com,https://i.imgur.com/vEvpMrx.jpeg
27357051,Meagan Wilson,Thus idea walk sit quality recent base. Floor available idea human subject say blood. Newspaper soci,austinshelton@example.com,https://i.imgur.com/ynJcMk6.jpeg
36415536,Nicholas Martinez,Behind customer wall month bank responsibility some. Write learn teacher ever try audience fine agen,nicole95@example.org,https://i.imgur.com/fUQP7Ku.jpeg
46339257,Jeremy Harvey,"Language watch especially water collection. Simple make professional almost.
Send vote either traini",brookelucas@example.org,https://i.imgur.com/xwLgsQM.jpeg
49919077,Vanessa Stone,Poor wife political even. Fund tough appear every however. Develop everything computer event economy,karen32@example.com,https://i.imgur.com/8XkPqSf.jpeg
25662176,Nicole Joseph,Step machine daughter language. Wait represent offer long.,fbradford@example.com,https://i.imgur.com/ZknABW8.jpeg
19336598,John Brown,Seem take help scientist safe. More particular cut and special guess. Mr able believe happen between,abigail73@example.net,https://i.imgur.com/12qnhDB.jpeg
26893182,Jordan Simon,Television business offer off various star analysis. Receive fact nor report.,alyssa46@example.org,https://i.imgur.com/N8ToBwK.jpeg
48417911,Jason Lam,Child themselves free including quality culture order. Drug deal body plan like group.,mmoore@example.net,https://i.imgur.com/Y5w7GaI.jpeg
31357539,Angela Moore,My game into mention when list trouble. Plant forward yeah check decide.,nlee@example.net,https://i.imgur.com/lcHQNUG.jpeg
18694532,Katie Pratt,Issue economic without wall effect. Foot really hotel coach.,thompsonjeffrey@example.com,https://i.imgur.com/dbR7sBh.jpeg
25131980,Samuel Ramirez,Edge leg manager military. Significant stand address here beyond.,gilltammy@example.net,https://i.imgur.com/k3t1hOh.jpeg
48435402,Allison Stone,Someone somebody animal unit final hair site sort. Hear candidate every reflect few.,michaelwatkins@example.com,https://i.imgur.com/PJfzARn.jpeg
32074024,Christopher Howard,Professional resource Mr because central her. Of think both trouble until wind hour.,deanna74@example.org,https://i.imgur.com/axVRZBM.jpeg
12559341,David Morris,Production fill word family low. Page add image bar these.,jessicahughes@example.org,https://i.imgur.com/TAXXoIp.jpeg
15152065,Richard Price,Able protect green story member dark. Live throughout support growth for. Team you able resource.,tgreen@example.com,https://i.imgur.com/7eYh3Fk.jpeg
43691157,Jennifer Rhodes,Beautiful our training center but research. Science look operation upon. Wait throw book service gro,tricia05@example.org,https://i.imgur.com/1yX0rCQ.jpeg
35470834,Cynthia Nelson,"Support might read move spend.
Compare race morning owner amount range. Movement fast make more out ",austinkimberly@example.net,https://i.imgur.com/KLLW1V6.jpeg
40133693,John Cox,Popular environmental pick become same along month pretty. Keep group follow language court reveal a,courtney94@example.net,https://i.imgur.com/3dzNFib.jpeg
23041190,Joshua Thompson,Maintain price road arrive. Make tend nature course. Carry set back deep.,jennifersalinas@example.org,https://i.imgur.com/TFtHggQ.jpeg
24822081,John Washington,Outside type edge season. Both theory politics member fill increase. Get coach experience writer up ,alexander98@example.net,https://i.imgur.com/1anHvCW.jpeg
38976006,Angela Mason,Record short several break event. Approach agency admit west instead agree.,laura54@example.com,https://i.imgur.com/fw07jfP.jpeg
16408110,David Smith,"Camera dog idea. Exist color girl tax. Staff event reveal that all.
Find series step of present. Sou",christinacollins@example.net,https://i.imgur.com/UEfZZZm.jpeg
46391531,William Hernandez,"Detail image network walk military.
Quite than science eight senior. Stage movement time million.",zbauer@example.com,https://i.imgur.com/Yk1aGBX.jpeg
39478840,Benjamin Cain,Party where pick customer fill. Than throughout just both certain north school. Nor hospital laugh d,lopezmatthew@example.net,https://i.imgur.com/JWHjSqG.jpeg
39326890,Monica Frank,May mouth house Mr deal. Since art up do. Figure day yard physical head president security.,jonathanlucas@example.org,https://i.imgur.com/4iyX3eg.jpeg
39646644,Samantha Watkins,Water happen now. What must especially career world. Case detail by order American house.,willisangela@example.org,https://i.imgur.com/FLtVuCV.jpeg
37334635,Kelly Smith,Tonight his civil bring loss. President matter east turn per. Chair ahead represent.,rnelson@example.org,https://i.imgur.com/QyhifEd.jpeg
31554900,David Graham,Matter trip move place watch already choose. Age minute financial couple wish if outside letter.,hebertkimberly@example.net,https://i.imgur.com/IZ0C9Gi.jpeg
17226785,Sheila Ortiz,Hope shoulder father house card bar apply. Company beautiful worker through avoid.,ilong@example.com,https://i.imgur.com/vDyYtsF.jpeg
46651949,Thomas Crawford,Parent rather fish summer out. Along management political spring here. Its within within north.,rossdawn@example.com,https://i.imgur.com/YGArBIT.jpeg
15198288,Kim Foley,"Bed improve second color smile.
Professor pretty strategy. Keep able but wait hope. Become else ever",mckaysteven@example.net,https://i.imgur.com/FLBrnu5.jpeg
10004797,Melissa Murray,Response produce about. Yard measure information type five someone feel best.,vgarcia@example.org,https://i.imgur.com/Ppxq2PU.jpeg
20631551,John Hernandez,Deal play fact teacher. Little people usually situation. Citizen store line old information moment.,rickybolton@example.com,https://i.imgur.com/53vM7Ez.jpeg
37623763,Scott Clark,Stage eye high race pretty. Among development suggest piece policy.,qlewis@example.org,https://i.imgur.com/63JsMZk.jpeg
40143690,Sara Pacheco,Find center heavy institution certainly task ever. Help either growth believe. Nothing so value indi,amandacole@example.org,https://i.imgur.com/cHcenbF.jpeg
42387344,Andrew Mclean,Oil outside result loss better nature. Phone pick how his themselves able girl follow.,elizabethswanson@example.com,https://i.imgur.com/5JacaxU.jpeg
11602113,Shane Robinson,Difference design wife cause. Home play friend thought.,underwoodsandra@example.com,https://i.imgur.com/FcoM1L4.jpeg
19314959,Jeffrey Hernandez,Surface economic within throw. His I against everybody.,christinaallison@example.org,https://i.imgur.com/LG37o51.jpeg
48131891,Michael Perez,Across find PM position last available. Fly alone skill moment idea occur door. Reality memory short,carriewilliams@example.net,https://i.imgur.com/D1vVJyc.jpeg
15001084,Rhonda Butler,Wide important leg response sing. Issue property bag.,robertscasey@example.com,https://i.imgur.com/bPrvUOL.jpeg
26353208,Eric Boyer,Half vote loss lay else. Investment between work push to certainly dog.,kristi42@example.net,https://i.imgur.com/zzq6G25.jpeg
45234726,Antonio Mccoy,Wind threat speech for today his. Find yard board heavy. Country above home which resource street ex,cookelori@example.org,https://i.imgur.com/8MrnCC3.jpeg
18623434,Joann George,Agreement suddenly my chair actually performance suffer. Real enough senior investment difficult.,sergio49@example.org,https://i.imgur.com/Lb38mI3.jpeg
46462095,Cameron Cervantes,Receive growth trade begin series. Travel source hard teach scientist general. Only break support me,chaseschmitt@example.net,https://i.imgur.com/zS7sVjc.jpeg
17050341,Nathan Moore,Several finish shoulder team real discover. Month heavy technology ever most. Popular early let rest,tina58@example.net,https://i.imgur.com/9u81zv0.jpeg
32611459,Dylan Campbell,"Now social health executive. Political walk may individual herself song kitchen.
Speech serious impr",reginald37@example.net,https://i.imgur.com/cQILWBX.jpeg
17564302,Brian Davis MD,Keep south class though list least star page. Involve owner carry science game we bit.,richard66@example.org,https://i.imgur.com/2kgX4yJ.jpeg
38937310,Scott Rivers,"Marriage reflect hospital money issue federal. Beyond heart goal.
Song garden expect fast color none",rodney20@example.net,https://i.imgur.com/Hq62DHR.jpeg
43151517,Ryan Bennett,"Edge draw through keep. Stay something civil account education.
With year road information turn. Fee",elizabeth97@example.net,https://i.imgur.com/yhL0Et6.jpeg
19672469,Colleen Malone,"I machine candidate building. Onto eat investment environment next event attack.
Range moment discov",jasongutierrez@example.org,https://i.imgur.com/RD1B6A8.jpeg
27815350,Cheryl Wood,"Action radio my but ability memory certainly order.
Sell administration anyone theory. West respond ",dennisprice@example.net,https://i.imgur.com/ul7IUc8.jpeg
40923368,Anthony Taylor Jr.,More be middle small table street. Short either up lead we behavior. Lawyer cause lawyer increase wh,pamela20@example.com,https://i.imgur.com/JoauE8l.jpeg
49678287,Sarah Long,"Still time stop. Home view paper clearly learn tough various.
Citizen year toward simple. Own team w",brooksjose@example.net,https://i.imgur.com/OwOoHAz.jpeg
16330399,Samuel Kelley,Away anything early week. Little far before become. Low vote available owner our owner without popul,michaelchan@example.net,https://i.imgur.com/I17lRUd.jpeg
30395368,Laura Coleman,"Effect grow whole avoid.
Sit less sport floor notice small full. Bank debate huge region loss.",matthew74@example.net,https://i.imgur.com/GP6TfYT.jpeg
10480924,Suzanne Wilson,Discover compare rather science. Human bill dog provide draw.,victoriafletcher@example.org,https://i.imgur.com/RSBlDXM.jpeg
19381157,Shaun Reeves,Race forget inside represent model smile. Defense difference letter fear conference phone.,williamcampbell@example.net,https://i.imgur.com/YhuIUOC.jpeg
16082682,Anna Good,Least else voice outside item drug produce. Those yeah day idea create scene price. Ability relation,melaniejensen@example.org,https://i.imgur.com/a0Fhwwx.jpeg
38037347,Eric Martin,Resource speak environmental week appear than war. Yourself watch career current live sense impact.,jasonsherman@example.com,https://i.imgur.com/9NzabY2.jpeg
10785002,Kathy Mills,"North election item. Dinner modern skin glass.
Congress also thing what professor most myself.",bedwards@example.org,https://i.imgur.com/ItbwGxe.jpeg
17182333,Heidi Fleming,Seven look yeah there future move. Call recently crime find young.,gchavez@example.org,https://i.imgur.com/Cc7Xeul.jpeg
38705939,Joel Mendoza,Old sister live young small interest create nature. Bag hot consider moment.,flemingregina@example.com,https://i.imgur.com/2HO23Xj.jpeg
18793710,Spencer Jackson,"However citizen national bill. General now leader nice wish course democratic.
Modern site staff. Re",andrewstyler@example.com,https://i.imgur.com/kZM8fy1.jpeg
26354744,Sergio Gallegos,"Physical table pull over list hear. Marriage thus last carry sea box poor.
Day letter go. Lawyer foc",vincent87@example.net,https://i.imgur.com/F9hZgfr.jpeg
24546997,Cathy Nixon,Republican dinner perhaps suffer perhaps group wide. Hotel paper next feel final wonder. I bit score,donald57@example.net,https://i.imgur.com/2mOd5SU.jpeg
43266253,Robin Nguyen,"Record bank agency produce particularly direction. Pay let other just.
Follow staff but voice form l",copelandmelanie@example.com,https://i.imgur.com/ku7QmaX.jpeg
24144044,Heather Beard,May eat thus assume strong. Instead control campaign major.,aanderson@example.org,https://i.imgur.com/ptviPTa.jpeg
31307025,Sean Wilson,Pass soldier civil station. Huge direction contain kind its produce down. Network example situation ,elizabethsimmons@example.org,https://i.imgur.com/f39q8iY.jpeg
21369909,Melissa Duncan,Really avoid human difficult. Guess house sing two. Once your occur right administration.,benjaminsmith@example.com,https://i.imgur.com/wme2iGz.jpeg
39050543,Brooke Larson,Way rise us. Economy prevent five should personal article recently. List them chance six.,anthonyflores@example.org,https://i.imgur.com/0VnDDM3.jpeg
17640717,Andrea Underwood,Arm green loss above measure friend. Design hour military control remain consumer worry. Down should,dalewolfe@example.com,https://i.imgur.com/UN1LYRv.jpeg
25033331,Ryan Cox,People them nothing every travel employee impact. Test truth billion sport once.,sshaw@example.org,https://i.imgur.com/BKWZSf5.jpeg
31930431,Rhonda Harper,Prepare happen best task good wind. Language general morning population part south score.,johnsonjason@example.org,https://i.imgur.com/PTxDpwN.jpeg
37187739,Meagan Stanley,Hot window see however to number conference. Throw every election result former customer audience ow,keygarrett@example.com,https://i.imgur.com/xiCNCBU.jpeg
20482808,Jennifer Mitchell,Machine new my herself hope cell. Available man during type serve should apply. Live ready according,emily58@example.net,https://i.imgur.com/lXysH4X.jpeg
30312408,Jacob Swanson,Add the offer issue get human. Stand issue short. Wonder support rise culture.,diazjane@example.org,https://i.imgur.com/7WczCyg.jpeg
14763375,Veronica Patel,Water everyone culture over benefit. Purpose husband my campaign.,john06@example.org,https://i.imgur.com/Ms3FW3N.jpeg
44325043,Mr. John Nelson,High near brother choose answer. Cup identify worry learn first none. Prevent their seat four mainta,fmckinney@example.org,https://i.imgur.com/2oo0FLG.jpeg
36632278,Dawn Wolf,Every everything Democrat discuss bed power age. Certainly behavior all finally candidate player.,therrera@example.net,https://i.imgur.com/pIuS2qL.jpeg
35984503,Stephen Coleman DVM,Pretty game tree usually parent represent fund. Draw hand yourself result small senior.,uwoodward@example.com,https://i.imgur.com/wfNUfPs.jpeg
21832238,Chad Mejia,"Might quickly make role risk election get. Staff card that a move rich worker.
Method partner drive ",barneskenneth@example.com,https://i.imgur.com/tnT62U2.jpeg
22066828,Mary Griffin,Low easy computer north. Cultural law whose reason.,gordonpaula@example.org,https://i.imgur.com/zhu1zz1.jpeg
42071710,Melissa Parsons,Skill maybe which reflect technology. Material research arm improve. Draw thousand record station pl,jsimon@example.org,https://i.imgur.com/qrE2QgI.jpeg
