nombre_evento,nombre_escultura
Expo Off,Naturalista Luz
Expo Off,Delicada Templo
Expo Do,Estilizada Piedra
Expo Do,Dinamica Monumento
Expo Do,Sublime Infinito
Expo Glass,Majestuosa Esencia
Expo Glass,Monumental Silencio
Expo Glass,Monumental Infinito
Expo Nice,Elegante Movimiento
Expo Nice,Delicada Reflejo
Expo Guess,Impactante Materia
Expo Guess,Eterna Infinito
Expo Guess,Sublime Caracter
Expo Guess,Abstraccion Materia
Expo Guess,Enigmatica Obra
Expo Visit,Sofisticada Identidad
Expo Visit,Abstracta Silencio
Expo Center,Espiritual Trazos
Expo Center,Brillante Materia
Expo Center,Dinamica Destello
Expo Phone,Abstracta Perspectiva
Expo Phone,Armonica Silencio
Expo Positive,Abstracta Obra
Expo Positive,Radiante Obra
Expo Somebody,Sofisticada Concepto
Expo Somebody,Sofisticada Identidad
Expo Somebody,Vanguardista Figura
Expo Affect,Enigmatica Silencio
Expo Affect,Vanguardista Figura
Expo Water,Monumental Infinito
Expo Water,Expresiva Realidad
Expo Water,Estilizada Concepto
Expo Water,Monumental Esencia
Expo Never,Contemplativa Simetria
Expo Never,Sofisticada Templo
Expo Never,Monumental Piedra
Expo Investment,Delicada Realidad
Expo Investment,Estilizada Sombra
Expo Own,Impactante Inspiracion
Expo Own,Trascendental Luz
Expo Rather,Majestuosa Esencia
Expo Rather,Abstraccion Forma
Expo Commercial,Vanguardista Figura
Expo Commercial,Imponente Figura
Expo At,Delicada Inspiracion
Expo At,Dinamica Monumento
Expo At,Espiritual Inspiracion
Expo At,Estilizada Esencia
Expo At,Vanguardista Caracter
Expo Check,Armonica Movimiento
Expo Check,Espiritual Tradicion
Expo Successful,Visionaria Imaginacion
Expo Successful,Sofisticada Caracter
Expo Successful,Trascendental Sueno
Expo Practice,Visionaria Forma
Expo Let,Sublime Trazos
Expo Let,Dinamica Monumento
Expo Let,Radiante Obra
Expo Let,Intrincada Tradicion
Expo Might,Dinamica Horizonte
Expo Might,Intrincada Esencia
Expo Might,Sublime Silencio
Expo Course,Abstracta Obra
Expo Course,Expresiva Sueno
Expo Himself,Majestuosa Esencia
Expo Himself,Imponente Destello
Expo Himself,Abstracta Perspectiva
Expo Stand,Estilizada Imaginacion
Expo Stand,Sofisticada Obra
Expo Fly,Vanguardista Figura
Expo Fly,Estilizada Silencio
Expo Spring,Abstracta Obra
Expo Spring,Armonica Templo
Expo Spring,Imponente Reflejo
Expo Teacher,Dinamica Horizonte
Expo Teacher,Sublime Movimiento
Expo Chair,Imponente Destello
Expo Chair,Estilizada Piedra
Expo Chair,Delicada Caracter
Expo My,Sublime Infinito
Expo My,Expresiva Realidad
Expo My,Sublime Caracter
Expo My,Enigmatica Perspectiva
Expo My,Serena Caracter
Expo Star,Espiritual Trazos
Expo Star,Dinamica Forma
Expo Hospital,Resplandeciente Inspiracion
Expo Their,Imponente Concepto
Expo Their,Imponente Forma
Expo Their,Sofisticada Templo
Expo Call,Abstraccion Monumento
Expo Act,Visionaria Realidad
Expo Act,Clasica Monumento
Expo Act,Brillante Templo
Expo Act,Sofisticada Infinito
Expo Act,Imponente Legado
Expo Agent,Radiante Identidad
Expo Agent,Enigmatica Silencio
Expo Agent,Sofisticada Sombra
Expo Because,Resplandeciente Identidad
Expo Because,Abstraccion Monumento
Expo Because,Contemplativa Identidad
Expo Because,Eterna Horizonte
Expo Because,Impactante Monumento
Expo Because,Sublime Piedra
Expo Piece,Sublime Silencio
Expo Piece,Monumental Sueno
Expo Back,Atemporal Destello
Expo Back,Visionaria Simetria
Expo Back,Dinamica Horizonte
Expo Back,Dinamica Esencia
Expo Onto,Estilizada Silencio
Expo Onto,Estilizada Inspiracion
Expo Onto,Sublime Silencio
Expo Several,Trascendental Materia
Expo Between,Imponente Profundidad
Expo Between,Armonica Movimiento
Expo Magazine,Enigmatica Tranquilidad
Expo Magazine,Serena Forma
Expo Black,Imponente Destello
Expo Black,Trascendental Materia
Expo Black,Estilizada Silencio
Expo Nation,Radiante Identidad
Expo Nation,Trascendental Materia
Expo Nation,Enigmatica Templo
Expo Fill,Brillante Materia
Expo Fill,Vanguardista Legado
Expo Ten,Mistica Trazos
Expo Ten,Contemplativa Profundidad
Expo Ten,Contemplativa Sueno
Expo Ten,Abstraccion Sombra
Expo Ten,Serena Esencia
Expo Hair,Sofisticada Templo
Expo Hair,Espiritual Profundidad
Expo Hair,Atemporal Sueno
