email,NyA,contrasena
cameron51@example.com,Sheila Wright,"rE\mk"":A"
lindsayscott@example.com,Andrea Gordon,m7.Sxpr@
robert50@example.org,Jason Chan,"J""B>VyEh"
stran@example.org,John Anderson,}6|Wm#M.
russelllindsay@example.com,George Lawson,"`""4}]jcB"
joannepatterson@example.org,Richard Johnson,>/.9P@)T
crivera@example.org,Laura Rivers,t'NVKRzT
danny88@example.org,Mary Bailey,fe_c:$~;
ahansen@example.org,Stephanie Hardy,y!_z9w%l
marcmiller@example.net,William Fritz,"F|,L&_~h"
jesse47@example.com,Timothy Brown,E]NK}}>0
julieturner@example.com,Daniel Willis,?WLo65xr
christopherramirez@example.net,Michael Pollard,"kC""tZSy?"
ilopez@example.com,Gregory Franco,O+r&1-])
noah23@example.net,Anna Caldwell,KdQa+gig
drobbins@example.org,Jason Estrada,|4t{T^|U
stevenmcneil@example.org,Elizabeth Barton,7fxX5wJ}
morganaguilar@example.com,Stephen Walker,",!fE%E*}"
jessica04@example.net,Brittany Savage,%IykA?/M
peckvickie@example.org,Michelle Kelly,ol6Z+Bo2
jeffrey96@example.net,Alexis Shaw,y/UfBFde
michaellewis@example.com,Alexis Valdez,K=Rln`A'
martinmathews@example.net,Miranda Henry,=.V_7|#K
joseph76@example.net,David Lucas,$.uG^0Yj
dhansen@example.org,Matthew Robertson,L8F~o2HI
acrawford@example.org,Michael Evans,}CH47H3R
ebishop@example.net,Mark Bartlett,w!_~p5Yy
haileytorres@example.org,Megan Thomas,06+|dylX
williamsmary@example.net,Ruth Thompson,MZqM0Lw%
snyderjacob@example.org,Paul Martin,j`N2lMhp
qgregory@example.com,Laura Sanchez,m\k[61?q
stephenslee@example.net,Terri Kim,eak?l1sV
hullchristopher@example.org,Melanie Powell,M\%Si]0O
ubaker@example.net,Kimberly Benson,"2H6!,wCs"
prattkristin@example.com,Taylor Hamilton,Y2o-RqiS
imartin@example.org,Kathleen Bennett,"a,z2""hoR"
bryan25@example.net,Kayla Ayers,UBhw1ne|
micheletanner@example.org,John Powell,<d<iBJYD
sloanjoseph@example.net,Stephanie Smith,*(4Yq`SN
martinezjames@example.com,Rodney Wilson,k*/;vumN
lisa90@example.net,David Oliver,*92Hv8Ga
perkinsmaria@example.net,Laura Crane,Y6o/Zi-|
caitlynbarrera@example.org,Erika Ferguson,6LB@+hB>
xjohnson@example.org,Dennis Carpenter,Yy_^kj=/
michael58@example.net,Herbert Young,NCG~*I5R
stephen53@example.org,Dawn Donovan,8@.=]e]T
tyler43@example.org,Tamara Stark,i-FzT;y<
xcarter@example.net,Kendra Lewis,4vBw@q=2
kellyrangel@example.com,James Rhodes,/2Dz^m_J
markfisher@example.com,Jennifer Harris,}.v<ZDk%
clynn@example.org,Tammy Rios,QL6TdtI.
tmiller@example.org,Alexandria Wilson,E<c]-+&9
ywood@example.com,Claire Kent,tCdQB$zC
irwinthomas@example.com,Lisa Sanders,a)AYW.>G
jacobperez@example.org,Robin Arnold,MSv;qJ}W
ccampbell@example.org,Michael Castro,Nz~?DU=)
ashleybrown@example.org,Jason Davis,%FDUs+f~
stephanieboyd@example.org,Teresa King,^6+IyFB:
murphyjason@example.com,David Cardenas,S}*|m$J5
nguyensusan@example.net,Debra Lynch,3nd!k7As
chavezscott@example.net,Cassidy Gibson,ogY0$Cxx
wellsrobin@example.net,Donald Hernandez,h|Tde%dD
hannahjohnson@example.com,Sarah Aguirre,+]#o75hR
greendavid@example.com,Timothy Martin,9;B:+GNW
rlawson@example.com,Andrea Watts,HNQ[2gfd
littlemichael@example.org,Luis Cook,9v6uR`h/
jamesross@example.org,Christopher Rose,8S@yIiVV
owilliams@example.com,Shirley Brown,"J""=yC[""S"
sandy34@example.net,Victoria Mann,Gdb8wUdA
sanderskelly@example.org,James Patrick,Dw?yYc30
kathrynphillips@example.net,Angela Jones,#?X&>KT>
heatherwright@example.com,Kiara Hayes,0aClA#EV
pamelathomas@example.com,Charles Oliver,(*v&z.jD
morrisonvalerie@example.org,Jason Turner,C%F9y=[{
sestrada@example.net,Willie Smith,aUYnTa2S
brandonhowe@example.net,Martin Underwood,wW<fY>II
allenjohn@example.net,Jordan Harper,.^-?3-T7
sarahscott@example.net,Angelica Foley,swohL_Ei
gvasquez@example.org,Timothy Anderson,9Y.kx{^4
hfox@example.org,Paula Jacobs,$B$Ogl^]
fordariel@example.net,Charles Fisher,G:/[:Ck>
dmcdowell@example.com,Zachary Le,)4GDb@=U
tvargas@example.org,John Snyder,"XN""={gX."
alexis23@example.org,Alexa Smith,"""a[]fsA,"
michael10@example.net,Patricia Bridges,M'E-K\`D
beverlyevans@example.com,Melissa Williams,0wr4@o9`
franklinstephen@example.com,Alejandro Moore,e^<1VS3j
kristen24@example.com,Sara Williams,JgG6(9'1
jocelyn24@example.org,Eric Carlson,<@R;dK+v
steven36@example.com,Amy Phillips,#YBvS'ez
wendymorton@example.com,Ruben Hunt,YX`-clF.
ejohns@example.net,Danielle Frank,zZe8*`L=
ckelley@example.org,Dale Carrillo,SYLv\<m|
margaretcampbell@example.com,Margaret Morse,I:Cjy\++
hansonlaura@example.net,Steven Fleming,Ak'N!;`j
robert41@example.org,Jordan Silva,-b2Ruk*)
tbarnes@example.com,Dustin Pennington,aVn%|TeZ
christopherfranklin@example.net,Robert Miller,-O@a6lwO
tannertammy@example.org,Henry Glenn,JF7KUC}y
oscar57@example.net,Ernest Cruz,>UZ\hazB
