email,NyA,contrase√±a
acrawford@example.org,"Michael Evans",}CH47H3R
admin,admin,admin
ahansen@example.org,"Stephanie Hardy",y!_z9w%l
alexis23@example.org,"Alexa Smith",""a[]fsA,"
allenjohn@example.net,"Jordan Harper",.^-?3-T7
ashleybrown@example.org,"Jason Davis",%FDUs+f~
beverlyevans@example.com,"Melissa Williams",0wr4@o9`
brandonhowe@example.net,"Martin Underwood",wW<fY>II
bryan25@example.net,"Kayla Ayers",UBhw1ne|
caitlynbarrera@example.org,"Erika Ferguson",6LB@+hB>
cameron51@example.com,"Sheila Wright","rE\mk":A"
ccampbell@example.org,"Michael Castro",Nz~?DU=)
chavezscott@example.net,"Cassidy Gibson",ogY0$Cxx
christopherfranklin@example.net,"Robert Miller",-O@a6lwO
christopherramirez@example.net,"Michael Pollard","kC"tZSy?"
ckelley@example.org,"Dale Carrillo",SYLv\<m|
clynn@example.org,"Tammy Rios",QL6TdtI.
crivera@example.org,"Laura Rivers",t'NVKRzT
danny88@example.org,"Mary Bailey",fe_c:$~;
dhansen@example.org,"Matthew Robertson",L8F~o2HI
dmcdowell@example.com,"Zachary Le",)4GDb@=U
drobbins@example.org,"Melissa Murray",|4t{T^|U
ebishop@example.net,"Mark Bartlett",w!_~p5Yy
ejohns@example.net,"Danielle Frank",zZe8*`L=
elcuti@example.org,cuti,averte
fordariel@example.net,"Charles Fisher",G:/[:Ck>
franklinstephen@example.com,"Alejandro Moore",e^<1VS3j
greendavid@example.com,"Timothy Martin",9;B:+GNW
gvasquez@example.org,"Timothy Anderson",9Y.kx{^4
haileytorres@example.org,"Megan Thomas",06+|dylX
hannahjohnson@example.com,"Sarah Aguirre",+]#o75hR
hansonlaura@example.net,"Steven Fleming",Ak'N!;`j
heatherwright@example.com,"Kiara Hayes",0aClA#EV
hfox@example.org,"Paula Jacobs",$B$Ogl^]
hullchristopher@example.org,"Melanie Powell",M\%Si]0O
ilopez@example.com,"Gregory Franco",O+r&1-])
imartin@example.org,"Kathleen Bennett","a,z2"hoR"
irwinthomas@example.com,"Lisa Sanders",a)AYW.>G
jacobperez@example.org,"Robin Arnold",MSv;qJ}W
jamesross@example.org,"Christopher Rose",8S@yIiVV
jeffrey96@example.net,"Alexis Shaw",y/UfBFde
jesse47@example.com,"Timothy Brown",E]NK}}>0
jessica04@example.net,"Brittany Savage",%IykA?/M
joannepatterson@example.org,"Richard Johnson",>/.9P@)T
jocelyn24@example.org,"Eric Carlson",<@R;dK+v
josefina@hotmail.com,josefina,josefina
josefinaa@hotmail.com,josefinaa,josefina
josefinaaa@hotmail.com,josefinaaa,josefina
joseph76@example.net,"David Lucas",$.uG^0Yj
julieturner@example.com,"Daniel Willis",?WLo65xr
kathrynphillips@example.net,"Angela Jones",#?X&>KT>
kellyrangel@example.com,"James Rhodes",/2Dz^m_J
kristen24@example.com,"Sara Williams",JgG6(9'1
lindsayscott@example.com,"Andrea Gordon",m7.Sxpr@
lisa90@example.net,"David Oliver",*92Hv8Ga
littlemichael@example.org,"Luis Cook",9v6uR`h/
marcmiller@example.net,"William Fritz","F|,L&_~h"
margaretcampbell@example.com,"Margaret Morse",I:Cjy\++
markfisher@example.com,"Jennifer Harris",}.v<ZDk%
martinezjames@example.com,"Rodney Wilson",k*/;vumN
martinmathews@example.net,"Miranda Henry",=.V_7|#K
michael10@example.net,"Patricia Bridges",M'E-K\`D
michael58@example.net,"Herbert Young",NCG~*I5R
michaellewis@example.com,"Heather Beard",K=Rln`A'
micheletanner@example.org,"John Powell",<d<iBJYD
morganaguilar@example.com,"Stephen Walker",",!fE%E*}"
morrisonvalerie@example.org,"Jason Turner",C%F9y=[{
murphyjason@example.com,"David Cardenas",S}*|m$J5
nguyensusan@example.net,"Debra Lynch",3nd!k7As
noah23@example.net,"Anna Caldwell",KdQa+gig
oscar57@example.net,"Ernest Cruz",>UZ\hazB
owilliams@example.com,"Shirley Brown","J"=yC["S"
pamelathomas@example.com,"Charles Oliver",(*v&z.jD
peckvickie@example.org,"Michelle Kelly",ol6Z+Bo2
perkinsmaria@example.net,"Laura Crane",Y6o/Zi-|
prattkristin@example.com,"Taylor Hamilton",Y2o-RqiS
qgregory@example.com,"Laura Sanchez",m\k[61?q
rlawson@example.com,"Andrea Watts",HNQ[2gfd
robert41@example.org,"Jordan Silva",-b2Ruk*)
robert50@example.org,"Jason Chan","J"B>VyEh"
roberto@hotmail.com,roberto,roberto
russelllindsay@example.com,"George Lawson","`"4}]jcB"
sanderskelly@example.org,"James Patrick",Dw?yYc30
sandy34@example.net,"Victoria Mann",Gdb8wUdA
sarahscott@example.net,"Angelica Foley",swohL_Ei
sestrada@example.net,"Willie Smith",aUYnTa2S
sloanjoseph@example.net,"Stephanie Smith",*(4Yq`SN
snyderjacob@example.org,"Paul Martin",j`N2lMhp
soyunaprueba@ejemplo.com,"Soy Una Prueba",$2b$10$OBFDbYB4L/PNHgFh047yF.V4gvemVOUgQJmaV1yp2./4foSFLuxJa
stephanieboyd@example.org,"Teresa King",^6+IyFB:
stephen53@example.org,"Dawn Donovan",8@.=]e]T
stephenslee@example.net,"Terri Kim",eak?l1sV
steven36@example.com,"Amy Phillips",#YBvS'ez
stevenmcneil@example.org,"Elizabeth Barton",7fxX5wJ}
stran@example.org,"John Anderson",}6|Wm#M.
tannertammy@example.org,"Henry Glenn",JF7KUC}y
taylorswift@gmail.com,"Taylor Swift",reputation
tbarnes@example.com,"Dustin Pennington",aVn%|TeZ
tmiller@example.org,"Alexandria Wilson",E<c]-+&9
tvargas@example.org,"John Snyder","XN"={gX."
tyler43@example.org,"Tamara Stark",i-FzT;y<
ubaker@example.net,"Kimberly Benson","2H6!,wCs"
wellsrobin@example.net,"Donald Hernandez",h|Tde%dD
wendymorton@example.com,"Ruben Hunt",YX`-clF.
williamsmary@example.net,"Ruth Thompson",MZqM0Lw%
xcarter@example.net,"Kendra Lewis",4vBw@q=2
xjohnson@example.org,"Dennis Carpenter",Yy_^kj=/
ywood@example.com,"Claire Kent",tCdQB$zC
